dir,image_size,repo_id,transform,distance_metric,file,distance,distance_pos,complexity,is_real,expected_error,normalized_score
data\raw\generated\sd1-5,512,max,clean,lpips_vgg_2,0000.png,-0.0181732177734375,0.0181732177734375,0.1357421875,False,0.04858190977046636,0.37407376242103313
data\raw\generated\sd1-5,512,max,clean,lpips_vgg_2,0001.png,-0.012481689453125,0.012481689453125,0.13037109375,False,0.04772929501176102,0.26151003173311854
data\raw\generated\sd1-5,512,max,clean,lpips_vgg_2,0002.png,-0.01096343994140625,0.01096343994140625,0.1866455078125,False,0.057832264241429336,0.18957307110850355
data\raw\generated\sd1-5,512,max,clean,lpips_vgg_2,0003.png,-0.007053375244140625,0.007053375244140625,0.053955078125,False,0.0381513660436411,0.18487870751658841
data\raw\generated\sd1-5,512,max,clean,lpips_vgg_2,0004.png,-0.01207733154296875,0.01207733154296875,0.18603515625,False,0.0577088122300544,0.20928054271543212
data\raw\generated\sd1-5,512,max,clean,lpips_vgg_2,0005.png,-0.007724761962890625,0.007724761962890625,0.057220458984375,False,0.03846309356756216,0.20083569069455456
data\raw\generated\sd1-5,512,max,clean,lpips_vgg_2,0006.png,-0.01035308837890625,0.01035308837890625,0.203857421875,False,0.06143889066415874,0.16851034038845158
data\raw\generated\sd1-5,512,max,clean,lpips_vgg_2,0007.png,-0.017669677734375,0.017669677734375,0.243408203125,False,0.07064332553239466,0.2501252255780665
data\raw\generated\sd1-5,512,max,clean,lpips_vgg_2,0008.png,-0.01137542724609375,0.01137542724609375,0.12139892578125,False,0.04635759822177113,0.24538430985303844
data\raw\generated\sd1-5,512,max,clean,lpips_vgg_2,0009.png,-0.01241302490234375,0.01241302490234375,0.1279296875,False,0.04734953251248969,0.26215728527139076
data\raw\generated\sd1-5,512,max,clean,lpips_vgg_2,0010.png,-0.005405426025390625,0.005405426025390625,0.07745361328125,False,0.0405888137452801,0.13317526497110793
data\raw\generated\sd1-5,512,max,clean,lpips_vgg_2,0011.png,-0.01103973388671875,0.01103973388671875,0.2420654296875,False,0.0703098763084442,0.1570154075977642
data\raw\generated\sd1-5,512,max,clean,lpips_vgg_2,0012.png,-0.00684356689453125,0.00684356689453125,0.1485595703125,False,0.05071176900911145,0.1349502694986179
data\raw\generated\sd1-5,512,max,clean,lpips_vgg_2,0013.png,-0.011993408203125,0.011993408203125,0.178955078125,False,0.05629900595391721,0.213030550005484
data\raw\generated\sd1-5,512,max,clean,lpips_vgg_2,0014.png,-0.006740570068359375,0.006740570068359375,0.08453369140625,False,0.041411632341806004,0.16276996793373472
data\raw\generated\sd1-5,512,max,clean,lpips_vgg_2,0015.png,-0.013946533203125,0.013946533203125,0.1722412109375,False,0.054999943161102974,0.25357359301760624
data\raw\generated\sd1-5,512,max,clean,lpips_vgg_2,0016.png,-0.01180267333984375,0.01180267333984375,0.131103515625,False,0.04784417312681519,0.246689880261066
data\raw\generated\sd1-5,512,max,clean,lpips_vgg_2,0017.png,-0.00714111328125,0.00714111328125,0.075927734375,False,0.040416845152141154,0.1766865586457504
data\raw\generated\sd1-5,512,max,clean,lpips_vgg_2,0018.png,-0.00920867919921875,0.00920867919921875,0.1309814453125,False,0.047824996345932035,0.192549501365556
data\raw\generated\sd1-5,512,max,clean,lpips_vgg_2,0019.png,-0.00772857666015625,0.00772857666015625,0.135498046875,False,0.04854264335747623,0.15921210971643437
data\raw\generated\sd1-5,512,max,clean,lpips_vgg_2,0020.png,-0.0107421875,0.0107421875,0.0552978515625,False,0.03827849871966009,0.2806324140001536
data\raw\generated\sd1-5,512,max,clean,lpips_vgg_2,0021.png,-0.011993408203125,0.011993408203125,0.11724853515625,False,0.045745314957004214,0.26217784737950856
data\raw\generated\sd1-5,512,max,clean,lpips_vgg_2,0022.png,-0.0103912353515625,0.0103912353515625,0.21142578125,False,0.06310137743708047,0.16467525391064228
data\raw\generated\sd1-5,512,max,clean,lpips_vgg_2,0023.png,-0.00519561767578125,0.00519561767578125,0.0887451171875,False,0.04192048845125028,0.12393981720473704
data\raw\generated\sd1-5,512,max,clean,lpips_vgg_2,0024.png,-0.0130615234375,0.0130615234375,0.1591796875,False,0.052578164633415525,0.24842106088273153
data\raw\generated\sd1-5,512,max,clean,lpips_vgg_2,0025.png,-0.0095062255859375,0.0095062255859375,0.055694580078125,False,0.03831634248948105,0.24809846056019663
data\raw\generated\sd1-5,512,max,clean,lpips_vgg_2,0026.png,-0.0096282958984375,0.0096282958984375,0.2080078125,False,0.06234478339655298,0.15443627155130746
data\raw\generated\sd1-5,512,max,clean,lpips_vgg_2,0027.png,-0.0167694091796875,0.0167694091796875,0.042572021484375,False,0.03713278842323145,0.4516065152057373
data\raw\generated\sd1-5,512,max,clean,lpips_vgg_2,0028.png,-0.016693115234375,0.016693115234375,0.08465576171875,False,0.04142617792414702,0.40296054501916057
data\raw\generated\sd1-5,512,max,clean,lpips_vgg_2,0029.png,-0.013031005859375,0.013031005859375,0.10943603515625,False,0.044630951105242136,0.29197239889975013
data\raw\generated\sd1-5,512,max,clean,lpips_vgg_2,0030.png,-0.018218994140625,0.018218994140625,0.179931640625,False,0.05649102772207493,0.3225112885228248
data\raw\generated\sd1-5,512,max,clean,lpips_vgg_2,0031.png,-0.0121307373046875,0.0121307373046875,0.22509765625,False,0.06622317698045302,0.18317963374466478
data\raw\generated\sd1-5,512,max,clean,lpips_vgg_2,0032.png,-0.00455474853515625,0.00455474853515625,0.148681640625,False,0.05073269846434432,0.08977934691089601
data\raw\generated\sd1-5,512,max,clean,lpips_vgg_2,0033.png,-0.01026153564453125,0.01026153564453125,0.1982421875,False,0.06023566636839467,0.170356472555194
data\raw\generated\sd1-5,512,max,clean,lpips_vgg_2,0034.png,-0.007152557373046875,0.007152557373046875,0.09521484375,False,0.042730431747979164,0.167387903198173
data\raw\generated\sd1-5,512,max,clean,lpips_vgg_2,0035.png,-0.012481689453125,0.012481689453125,0.2109375,False,0.06299270834936473,0.198144988208796
data\raw\generated\sd1-5,512,max,clean,lpips_vgg_2,0036.png,-0.0107879638671875,0.0107879638671875,0.1968994140625,False,0.059951754537523154,0.17994408921652877
data\raw\generated\sd1-5,512,max,clean,lpips_vgg_2,0037.png,-0.00783538818359375,0.00783538818359375,0.06732177734375,False,0.03948255261307841,0.19845191521376745
data\raw\generated\sd1-5,512,max,clean,lpips_vgg_2,0038.png,-0.01097869873046875,0.01097869873046875,0.1378173828125,False,0.04891763995385101,0.22443230582722457
data\raw\generated\sd1-5,512,max,clean,lpips_vgg_2,0039.png,-0.006458282470703125,0.006458282470703125,0.0933837890625,False,0.042497733678405404,0.15196769125561174
data\raw\generated\sd1-5,512,max,clean,lpips_vgg_2,0040.png,-0.01050567626953125,0.01050567626953125,0.06390380859375,False,0.03912827036390995,0.26849324470067004
data\raw\generated\sd1-5,512,max,clean,lpips_vgg_2,0041.png,-0.01313018798828125,0.01313018798828125,0.136474609375,False,0.048700001121828346,0.2696137101811283
data\raw\generated\sd1-5,512,max,clean,lpips_vgg_2,0042.png,-0.0123291015625,0.0123291015625,0.174560546875,False,0.05544454770613094,0.22236815110923294
data\raw\generated\sd1-5,512,max,clean,lpips_vgg_2,0043.png,-0.006214141845703125,0.006214141845703125,0.061676025390625,False,0.03890249094498427,0.1597363483611149
data\raw\generated\sd1-5,512,max,clean,lpips_vgg_2,0044.png,-0.0135955810546875,0.0135955810546875,0.199951171875,False,0.060599138684783685,0.22435271110711877
data\raw\generated\sd1-5,512,max,clean,lpips_vgg_2,0045.png,-0.006008148193359375,0.006008148193359375,0.0643310546875,False,0.039172033798439726,0.15337851040041448
data\raw\generated\sd1-5,512,max,clean,lpips_vgg_2,0046.png,-0.01067352294921875,0.01067352294921875,0.2105712890625,False,0.06291133433274926,0.16965977692929837
data\raw\generated\sd1-5,512,max,clean,lpips_vgg_2,0047.png,-0.01132965087890625,0.01132965087890625,0.1490478515625,False,0.050795559858140854,0.22304411863058696
data\raw\generated\sd1-5,512,max,clean,lpips_vgg_2,0048.png,-0.01163482666015625,0.01163482666015625,0.08880615234375,False,0.041927969676783555,0.2774955894560931
data\raw\generated\sd1-5,512,max,clean,lpips_vgg_2,0049.png,-0.010498046875,0.010498046875,0.13525390625,False,0.04850342562988471,0.21643928730122053
data\raw\generated\sd1-5,512,max,clean,lpips_vgg_2,0050.png,-0.0108184814453125,0.0108184814453125,0.09503173828125,False,0.04270703870610658,0.2533184639600308
data\raw\generated\sd1-5,512,max,clean,lpips_vgg_2,0051.png,-0.01322174072265625,0.01322174072265625,0.2384033203125,False,0.06940795471406913,0.1904931614412804
data\raw\generated\sd1-5,512,max,clean,lpips_vgg_2,0052.png,-0.007801055908203125,0.007801055908203125,0.1416015625,False,0.049538909301810326,0.1574733077120462
data\raw\generated\sd1-5,512,max,clean,lpips_vgg_2,0053.png,-0.01141357421875,0.01141357421875,0.18359375,False,0.05721804702196735,0.19947507495962
data\raw\generated\sd1-5,512,max,clean,lpips_vgg_2,0054.png,-0.005828857421875,0.005828857421875,0.08013916015625,False,0.04089609749639716,0.14252845084762691
data\raw\generated\sd1-5,512,max,clean,lpips_vgg_2,0055.png,-0.0153656005859375,0.0153656005859375,0.19970703125,False,0.06054706801196087,0.2537794329347554
data\raw\generated\sd1-5,512,max,clean,lpips_vgg_2,0056.png,-0.01331329345703125,0.01331329345703125,0.177001953125,False,0.055917299316734725,0.2380889924890721
data\raw\generated\sd1-5,512,max,clean,lpips_vgg_2,0057.png,-0.00820159912109375,0.00820159912109375,0.09539794921875,False,0.042753852175388476,0.1918329858897499
data\raw\generated\sd1-5,512,max,clean,lpips_vgg_2,0058.png,-0.00946044921875,0.00946044921875,0.12939453125,False,0.04757680578726925,0.19884582544382282
data\raw\generated\sd1-5,512,max,clean,lpips_vgg_2,0059.png,-0.009368896484375,0.009368896484375,0.08514404296875,False,0.041484481967007554,0.22584099017618314
data\raw\generated\sd1-5,512,max,clean,lpips_vgg_2,0060.png,-0.0152435302734375,0.0152435302734375,0.1136474609375,False,0.045225469173529056,0.3370563214048357
data\raw\generated\sd1-5,512,max,clean,lpips_vgg_2,0061.png,-0.01247406005859375,0.01247406005859375,0.107177734375,False,0.04431811856554446,0.2814663722726674
data\raw\generated\sd1-5,512,max,clean,lpips_vgg_2,0062.png,-0.0103759765625,0.0103759765625,0.180908203125,False,0.0566838284566103,0.18305003111147453
data\raw\generated\sd1-5,512,max,clean,lpips_vgg_2,0063.png,-0.004058837890625,0.004058837890625,0.062103271484375,False,0.0389454769345551,0.1042184666898692
data\raw\generated\sd1-5,512,max,clean,lpips_vgg_2,0064.png,-0.0156097412109375,0.0156097412109375,0.186767578125,False,0.05785699115775328,0.2697987036411187
data\raw\generated\sd1-5,512,max,clean,lpips_vgg_2,0065.png,-0.003387451171875,0.003387451171875,0.075927734375,False,0.040416845152141154,0.08381285474221492
data\raw\generated\sd1-5,512,max,clean,lpips_vgg_2,0066.png,-0.01134490966796875,0.01134490966796875,0.2286376953125,False,0.067056384400866,0.16918463125223668
data\raw\generated\sd1-5,512,max,clean,lpips_vgg_2,0067.png,-0.0132598876953125,0.0132598876953125,0.1055908203125,False,0.044100782378246564,0.30067239128739714
data\raw\generated\sd1-5,512,max,clean,lpips_vgg_2,0068.png,-0.0172271728515625,0.0172271728515625,0.08685302734375,False,0.04169007970707546,0.4132199547855213
data\raw\generated\sd1-5,512,max,clean,lpips_vgg_2,0069.png,-0.013702392578125,0.013702392578125,0.1229248046875,False,0.046586239661721825,0.2941296116111244
data\raw\generated\sd1-5,512,max,clean,lpips_vgg_2,0070.png,-0.01068878173828125,0.01068878173828125,0.147216796875,False,0.05048234831062676,0.21173305315575452
data\raw\generated\sd1-5,512,max,clean,lpips_vgg_2,0071.png,-0.014892578125,0.014892578125,0.2403564453125,False,0.0698876163732416,0.2130932330767262
data\raw\generated\sd1-5,512,max,clean,lpips_vgg_2,0072.png,-0.00775146484375,0.00775146484375,0.136962890625,False,0.04877897211639602,0.158909966886008
data\raw\generated\sd1-5,512,max,clean,lpips_vgg_2,0073.png,-0.01125335693359375,0.01125335693359375,0.212646484375,False,0.06337390215084537,0.17757083833670223
data\raw\generated\sd1-5,512,max,clean,lpips_vgg_2,0074.png,-0.0075836181640625,0.0075836181640625,0.074951171875,False,0.040307783303203594,0.18814277399024737
data\raw\generated\sd1-5,512,max,clean,lpips_vgg_2,0075.png,-0.01479339599609375,0.01479339599609375,0.1905517578125,False,0.05862956255322224,0.2523197402788862
data\raw\generated\sd1-5,512,max,clean,lpips_vgg_2,0076.png,-0.01358795166015625,0.01358795166015625,0.1868896484375,False,0.057881730245426866,0.23475372285074028
data\raw\generated\sd1-5,512,max,clean,lpips_vgg_2,0077.png,-0.005550384521484375,0.005550384521484375,0.0623779296875,False,0.03897318951841154,0.1424154550877158
data\raw\generated\sd1-5,512,max,clean,lpips_vgg_2,0078.png,-0.011962890625,0.011962890625,0.12176513671875,False,0.04641229872562677,0.2577525990625979
data\raw\generated\sd1-5,512,max,clean,lpips_vgg_2,0079.png,-0.00611114501953125,0.00611114501953125,0.1380615234375,False,0.04895736887812787,0.12482584664106525
data\raw\generated\sd1-5,512,max,clean,lpips_vgg_2,0080.png,-0.0196685791015625,0.0196685791015625,0.0989990234375,False,0.04322001926406599,0.4550802946521442
data\raw\generated\sd1-5,512,max,clean,lpips_vgg_2,0081.png,-0.01497650146484375,0.01497650146484375,0.174560546875,False,0.05544454770613094,0.2701167578140002
data\raw\generated\sd1-5,512,max,clean,lpips_vgg_2,0082.png,-0.0101318359375,0.0101318359375,0.1785888671875,False,0.056227198618127305,0.180194571070691
data\raw\generated\sd1-5,512,max,clean,lpips_vgg_2,0083.png,-0.00444793701171875,0.00444793701171875,0.07098388671875,False,0.03987272981138371,0.11155336072447336
data\raw\generated\sd1-5,512,max,clean,lpips_vgg_2,0084.png,-0.01544952392578125,0.01544952392578125,0.19140625,False,0.058805632948154274,0.2627218371988659
data\raw\generated\sd1-5,512,max,clean,lpips_vgg_2,0085.png,-0.01222991943359375,0.01222991943359375,0.049560546875,False,0.03774559242938357,0.3240092060145598
data\raw\generated\sd1-5,512,max,clean,lpips_vgg_2,0086.png,-0.0094757080078125,0.0094757080078125,0.17236328125,False,0.05502323385816811,0.1722128516153335
data\raw\generated\sd1-5,512,max,clean,lpips_vgg_2,0087.png,-0.01580810546875,0.01580810546875,0.0273284912109375,False,0.035934532056568866,0.4399140482437495
data\raw\generated\sd1-5,512,max,clean,lpips_vgg_2,0088.png,-0.014007568359375,0.014007568359375,0.06591796875,False,0.03933588907537181,0.35610148108092804
data\raw\generated\sd1-5,512,max,clean,lpips_vgg_2,0089.png,-0.01178741455078125,0.01178741455078125,0.10968017578125,False,0.044665020351931345,0.2639070677210954
data\raw\generated\sd1-5,512,max,clean,lpips_vgg_2,0090.png,-0.00978851318359375,0.00978851318359375,0.14208984375,False,0.04961992508311935,0.19726980980315492
data\raw\generated\sd1-5,512,max,clean,lpips_vgg_2,0091.png,-0.01364898681640625,0.01364898681640625,0.2293701171875,False,0.06723005013473374,0.2030191378565496
data\raw\generated\sd1-5,512,max,clean,lpips_vgg_2,0092.png,-0.00595855712890625,0.00595855712890625,0.1341552734375,False,0.048327548337530585,0.1232952494773857
data\raw\generated\sd1-5,512,max,clean,lpips_vgg_2,0093.png,-0.01148223876953125,0.01148223876953125,0.1971435546875,False,0.06000326532826203,0.1913602319259619
data\raw\generated\sd1-5,512,max,clean,lpips_vgg_2,0094.png,-0.007099151611328125,0.007099151611328125,0.09759521484375,False,0.04303703337616386,0.16495448348584368
data\raw\generated\sd1-5,512,max,clean,lpips_vgg_2,0095.png,-0.01497650146484375,0.01497650146484375,0.1932373046875,False,0.059184934924272466,0.2530458381682144
data\raw\generated\sd1-5,512,max,clean,lpips_vgg_2,0096.png,-0.01523590087890625,0.01523590087890625,0.1767578125,False,0.05586980507138063,0.2727036698882427
data\raw\generated\sd1-5,512,max,clean,lpips_vgg_2,0097.png,-0.0085601806640625,0.0085601806640625,0.0947265625,False,0.042668111159733846,0.20062244217974182
data\raw\generated\sd1-5,512,max,clean,lpips_vgg_2,0098.png,-0.00919342041015625,0.00919342041015625,0.1331787109375,False,0.048172040618325404,0.19084556709974473
data\raw\generated\sd1-5,512,max,clean,lpips_vgg_2,0099.png,-0.01026153564453125,0.01026153564453125,0.091064453125,False,0.04220691413621587,0.24312451773692415
data\raw\generated\sd1-5,512,max,clean,lpips_vgg_2,0100.png,-0.01357269287109375,0.01357269287109375,0.099609375,False,0.04330008041393567,0.31345652805590457
data\raw\generated\sd1-5,512,max,clean,lpips_vgg_2,0101.png,-0.00801849365234375,0.00801849365234375,0.12445068359375,False,0.046816782875055474,0.17127391418038032
data\raw\generated\sd1-5,512,max,clean,lpips_vgg_2,0102.png,-0.0113372802734375,0.0113372802734375,0.17626953125,False,0.05577496263686826,0.20326827195296682
data\raw\generated\sd1-5,512,max,clean,lpips_vgg_2,0103.png,-0.007598876953125,0.007598876953125,0.08544921875,False,0.04152102088601131,0.183012767773374
data\raw\generated\sd1-5,512,max,clean,lpips_vgg_2,0104.png,-0.01473236083984375,0.01473236083984375,0.18017578125,False,0.05653915487761087,0.2605691731992561
data\raw\generated\sd1-5,512,max,clean,lpips_vgg_2,0105.png,-0.01611328125,0.01611328125,0.043548583984375,False,0.03721602266820992,0.4329662359047312
data\raw\generated\sd1-5,512,max,clean,lpips_vgg_2,0106.png,-0.010345458984375,0.010345458984375,0.208251953125,False,0.062398509372928304,0.16579657251978194
data\raw\generated\sd1-5,512,max,clean,lpips_vgg_2,0107.png,-0.013702392578125,0.013702392578125,0.1131591796875,False,0.045155797090094624,0.30344703141406304
data\raw\generated\sd1-5,512,max,clean,lpips_vgg_2,0108.png,-0.01336669921875,0.01336669921875,0.10968017578125,False,0.044665020351931345,0.29926549038664024
data\raw\generated\sd1-5,512,max,clean,lpips_vgg_2,0109.png,-0.01171875,0.01171875,0.148193359375,False,0.05064905367151072,0.2313715489336301
data\raw\generated\sd1-5,512,max,clean,lpips_vgg_2,0110.png,-0.00913238525390625,0.00913238525390625,0.07989501953125,False,0.04086791918293896,0.2234609795773191
data\raw\generated\sd1-5,512,max,clean,lpips_vgg_2,0111.png,-0.01226043701171875,0.01226043701171875,0.191162109375,False,0.05875526626428258,0.20866958472404862
data\raw\generated\sd1-5,512,max,clean,lpips_vgg_2,0112.png,-0.00434112548828125,0.00434112548828125,0.14013671875,False,0.04929703040744975,0.08806058808007268
data\raw\generated\sd1-5,512,max,clean,lpips_vgg_2,0113.png,-0.005100250244140625,0.005100250244140625,0.133544921875,False,0.04823026472790497,0.1057479214122939
data\raw\generated\sd1-5,512,max,clean,lpips_vgg_2,0114.png,-0.005523681640625,0.005523681640625,0.0914306640625,False,0.0422525408989068,0.1307301649347179
data\raw\generated\sd1-5,512,max,clean,lpips_vgg_2,0115.png,-0.01419830322265625,0.01419830322265625,0.2037353515625,False,0.06141245975888368,0.23119580746971108
data\raw\generated\sd1-5,512,max,clean,lpips_vgg_2,0116.png,-0.0102386474609375,0.0102386474609375,0.1646728515625,False,0.05357969058893236,0.1910919482437705
data\raw\generated\sd1-5,512,max,clean,lpips_vgg_2,0117.png,-0.007465362548828125,0.007465362548828125,0.09405517578125,False,0.04258273832740615,0.17531429029831636
data\raw\generated\sd1-5,512,max,clean,lpips_vgg_2,0118.png,-0.0107574462890625,0.0107574462890625,0.12005615234375,False,0.04615796690155688,0.23305719491513519
data\raw\generated\sd1-5,512,max,clean,lpips_vgg_2,0119.png,-0.00673675537109375,0.00673675537109375,0.077880859375,False,0.04063730574914924,0.16577760869972996
data\raw\generated\sd1-5,512,max,clean,lpips_vgg_2,0120.png,-0.01325225830078125,0.01325225830078125,0.08428955078125,False,0.04138257769117294,0.3202376226942481
data\raw\generated\sd1-5,512,max,clean,lpips_vgg_2,0121.png,-0.0120086669921875,0.0120086669921875,0.12396240234375,False,0.046742802133844644,0.25690943726055504
data\raw\generated\sd1-5,512,max,clean,lpips_vgg_2,0122.png,-0.01087188720703125,0.01087188720703125,0.1881103515625,False,0.05812979054639357,0.18702780630792679
data\raw\generated\sd1-5,512,max,clean,lpips_vgg_2,0123.png,-0.0118865966796875,0.0118865966796875,0.07586669921875,False,0.04041000596530196,0.29414983729262306
data\raw\generated\sd1-5,512,max,clean,lpips_vgg_2,0124.png,-0.0117645263671875,0.0117645263671875,0.14013671875,False,0.04929703040744975,0.2386457413347488
data\raw\generated\sd1-5,512,max,clean,lpips_vgg_2,0125.png,-0.0049285888671875,0.0049285888671875,0.0611572265625,False,0.03885049411884854,0.12686039081279965
data\raw\generated\sd1-5,512,max,clean,lpips_vgg_2,0126.png,-0.0104217529296875,0.0104217529296875,0.21484375,False,0.06386751381573422,0.16317768309810154
data\raw\generated\sd1-5,512,max,clean,lpips_vgg_2,0127.png,-0.0133209228515625,0.0133209228515625,0.130126953125,False,0.04769109967754018,0.2793167476034507
data\raw\generated\sd1-5,512,max,clean,lpips_vgg_2,0128.png,-0.008392333984375,0.008392333984375,0.1300048828125,False,0.04767202026745423,0.17604317873023856
data\raw\generated\sd1-5,512,max,clean,lpips_vgg_2,0129.png,-0.0114288330078125,0.0114288330078125,0.14501953125,False,0.050110109344456144,0.22807439770787313
data\raw\generated\sd1-5,512,max,clean,lpips_vgg_2,0130.png,-0.00632476806640625,0.00632476806640625,0.0828857421875,False,0.04121645825104947,0.15345248802995357
data\raw\generated\sd1-5,512,max,clean,lpips_vgg_2,0131.png,-0.0124969482421875,0.0124969482421875,0.242919921875,False,0.07052190087024483,0.17720662784148397
data\raw\generated\sd1-5,512,max,clean,lpips_vgg_2,0132.png,-0.005794525146484375,0.005794525146484375,0.1405029296875,False,0.049357335817819606,0.11739947163826381
data\raw\generated\sd1-5,512,max,clean,lpips_vgg_2,0133.png,-0.0110015869140625,0.0110015869140625,0.15380859375,False,0.05162272631285986,0.21311518588513348
data\raw\generated\sd1-5,512,max,clean,lpips_vgg_2,0134.png,-0.006404876708984375,0.006404876708984375,0.08154296875,False,0.04105906759979848,0.1559917719372617
data\raw\generated\sd1-5,512,max,clean,lpips_vgg_2,0135.png,-0.013763427734375,0.013763427734375,0.18701171875,False,0.05790648150445011,0.2376837165165575
data\raw\generated\sd1-5,512,max,clean,lpips_vgg_2,0136.png,-0.01255035400390625,0.01255035400390625,0.1806640625,False,0.05663555524487855,0.22159849849871746
data\raw\generated\sd1-5,512,max,clean,lpips_vgg_2,0137.png,-0.01113128662109375,0.01113128662109375,0.08074951171875,False,0.04096675627866156,0.27171510835217694
data\raw\generated\sd1-5,512,max,clean,lpips_vgg_2,0138.png,-0.011505126953125,0.011505126953125,0.127685546875,False,0.04731182403225487,0.24317656713639643
data\raw\generated\sd1-5,512,max,clean,lpips_vgg_2,0139.png,-0.00417327880859375,0.00417327880859375,0.130126953125,False,0.04769109967754018,0.08750644956419676
data\raw\generated\sd1-5,512,max,clean,lpips_vgg_2,0140.png,-0.0103302001953125,0.0103302001953125,0.08905029296875,False,0.041957925007290786,0.24620379090523378
data\raw\generated\sd1-5,512,max,clean,lpips_vgg_2,0141.png,-0.00934600830078125,0.00934600830078125,0.11834716796875,False,0.04590602066201856,0.203590033856145
data\raw\generated\sd1-5,512,max,clean,lpips_vgg_2,0142.png,-0.011474609375,0.011474609375,0.201416015625,False,0.06091258511509123,0.18837830233800304
data\raw\generated\sd1-5,512,max,clean,lpips_vgg_2,0143.png,-0.004276275634765625,0.004276275634765625,0.06884765625,False,0.039643795204337556,0.10786746356458182
data\raw\generated\sd1-5,512,max,clean,lpips_vgg_2,0144.png,-0.01285552978515625,0.01285552978515625,0.178955078125,False,0.05629900595391721,0.22834381473234128
data\raw\generated\sd1-5,512,max,clean,lpips_vgg_2,0145.png,-0.013824462890625,0.013824462890625,0.1138916015625,False,0.04526037824334418,0.3054429376682899
data\raw\generated\sd1-5,512,max,clean,lpips_vgg_2,0146.png,-0.01018524169921875,0.01018524169921875,0.19775390625,False,0.0601322553037281,0.16938067012077096
data\raw\generated\sd1-5,512,max,clean,lpips_vgg_2,0147.png,-0.0126800537109375,0.0126800537109375,0.1531982421875,False,0.0515156447667653,0.2461398623339736
data\raw\generated\sd1-5,512,max,clean,lpips_vgg_2,0148.png,-0.0178985595703125,0.0178985595703125,0.0784912109375,False,0.040706838681570934,0.43969416810585327
data\raw\generated\sd1-5,512,max,clean,lpips_vgg_2,0149.png,-0.00865936279296875,0.00865936279296875,0.103759765625,False,0.04385256583786798,0.19746536211778823
data\raw\generated\sd1-5,512,max,clean,lpips_vgg_2,0150.png,-0.0167083740234375,0.0167083740234375,0.2093505859375,False,0.062640878748425,0.26673275275305114
data\raw\generated\sd1-5,512,max,clean,lpips_vgg_2,0151.png,-0.01180267333984375,0.01180267333984375,0.2305908203125,False,0.06752046673248538,0.1748014181626689
data\raw\generated\sd1-5,512,max,clean,lpips_vgg_2,0152.png,-0.00592803955078125,0.00592803955078125,0.131103515625,False,0.04784417312681519,0.12390306203157614
data\raw\generated\sd1-5,512,max,clean,lpips_vgg_2,0153.png,-0.00951385498046875,0.00951385498046875,0.1627197265625,False,0.05322076871829627,0.17876207370898178
data\raw\generated\sd1-5,512,max,clean,lpips_vgg_2,0154.png,-0.00637054443359375,0.00637054443359375,0.0789794921875,False,0.040762684111802006,0.15628373284057828
data\raw\generated\sd1-5,512,max,clean,lpips_vgg_2,0155.png,-0.01320648193359375,0.01320648193359375,0.1571044921875,False,0.0522062246848196,0.2529675726089019
data\raw\generated\sd1-5,512,max,clean,lpips_vgg_2,0156.png,-0.01076507568359375,0.01076507568359375,0.1610107421875,False,0.05290926806491636,0.20346294850243773
data\raw\generated\sd1-5,512,max,clean,lpips_vgg_2,0157.png,-0.0057525634765625,0.0057525634765625,0.05291748046875,False,0.03805413585822874,0.1511678913953995
data\raw\generated\sd1-5,512,max,clean,lpips_vgg_2,0158.png,-0.0123748779296875,0.0123748779296875,0.126953125,False,0.04719899070394205,0.2621852235635614
data\raw\generated\sd1-5,512,max,clean,lpips_vgg_2,0159.png,-0.00693511962890625,0.00693511962890625,0.12237548828125,False,0.04650370965904586,0.14913046033860305
data\raw\generated\sd1-5,512,max,clean,lpips_vgg_2,0160.png,-0.008209228515625,0.008209228515625,0.08831787109375,False,0.04186820507196491,0.19607309416571875
data\raw\generated\sd1-5,512,max,clean,lpips_vgg_2,0161.png,-0.0121307373046875,0.0121307373046875,0.1173095703125,False,0.04575421718760923,0.26512828872029404
data\raw\generated\sd1-5,512,max,clean,lpips_vgg_2,0162.png,-0.0098419189453125,0.0098419189453125,0.155029296875,False,0.05183780225627277,0.1898598805685585
data\raw\generated\sd1-5,512,max,clean,lpips_vgg_2,0163.png,-0.004932403564453125,0.004932403564453125,0.06396484375,False,0.03913451315461625,0.12603717708115414
data\raw\generated\sd1-5,512,max,clean,lpips_vgg_2,0164.png,-0.01537322998046875,0.01537322998046875,0.22509765625,False,0.06622317698045302,0.23214274339339594
data\raw\generated\sd1-5,512,max,clean,lpips_vgg_2,0165.png,-0.01371002197265625,0.01371002197265625,0.13037109375,False,0.04772929501176102,0.2872454321665122
data\raw\generated\sd1-5,512,max,clean,lpips_vgg_2,0166.png,-0.0107574462890625,0.0107574462890625,0.2056884765625,False,0.06183681480524272,0.173965077647409
data\raw\generated\sd1-5,512,max,clean,lpips_vgg_2,0167.png,-0.01031494140625,0.01031494140625,0.07891845703125,False,0.04075569278309218,0.2530920394642202
data\raw\generated\sd1-5,512,max,clean,lpips_vgg_2,0168.png,-0.009918212890625,0.009918212890625,0.09307861328125,False,0.04245921691508339,0.23359387222004116
data\raw\generated\sd1-5,512,max,clean,lpips_vgg_2,0169.png,-0.01351165771484375,0.01351165771484375,0.1300048828125,False,0.04767202026745423,0.2834295177556841
data\raw\generated\sd1-5,512,max,clean,lpips_vgg_2,0170.png,-0.004825592041015625,0.004825592041015625,0.08026123046875,False,0.04091020491015074,0.11795570449020869
data\raw\generated\sd1-5,512,max,clean,lpips_vgg_2,0171.png,-0.0121002197265625,0.0121002197265625,0.1904296875,False,0.058604458325059124,0.20647268266599567
data\raw\generated\sd1-5,512,max,clean,lpips_vgg_2,0172.png,-0.005039215087890625,0.005039215087890625,0.10614013671875,False,0.044175781358326074,0.1140718948922644
data\raw\generated\sd1-5,512,max,clean,lpips_vgg_2,0173.png,-0.01171875,0.01171875,0.17578125,False,0.05568031494395029,0.21046486557765515
data\raw\generated\sd1-5,512,max,clean,lpips_vgg_2,0174.png,-0.006378173828125,0.006378173828125,0.0823974609375,False,0.04115905488806309,0.15496404972055838
data\raw\generated\sd1-5,512,max,clean,lpips_vgg_2,0175.png,-0.01216888427734375,0.01216888427734375,0.1734619140625,False,0.055233397842488666,0.2203175026828198
data\raw\generated\sd1-5,512,max,clean,lpips_vgg_2,0176.png,-0.01352691650390625,0.01352691650390625,0.1728515625,False,0.05511651835992519,0.24542400184953572
data\raw\generated\sd1-5,512,max,clean,lpips_vgg_2,0177.png,-0.007534027099609375,0.007534027099609375,0.06134033203125,False,0.038868820836428966,0.19383214971492704
data\raw\generated\sd1-5,512,max,clean,lpips_vgg_2,0178.png,-0.0091094970703125,0.0091094970703125,0.1295166015625,False,0.04759582434060694,0.1913927786001308
data\raw\generated\sd1-5,512,max,clean,lpips_vgg_2,0179.png,-0.007564544677734375,0.007564544677734375,0.1146240234375,False,0.04536539756518116,0.16674701609008521
data\raw\generated\sd1-5,512,max,clean,lpips_vgg_2,0180.png,-0.0111083984375,0.0111083984375,0.08294677734375,False,0.041223647364191124,0.26946665682836446
data\raw\generated\sd1-5,512,max,clean,lpips_vgg_2,0181.png,-0.0099945068359375,0.0099945068359375,0.121826171875,False,0.04642142612620032,0.21529943541085192
data\raw\generated\sd1-5,512,max,clean,lpips_vgg_2,0182.png,-0.01108551025390625,0.01108551025390625,0.1849365234375,False,0.05748736540460751,0.19283385446322376
data\raw\generated\sd1-5,512,max,clean,lpips_vgg_2,0183.png,-0.0075836181640625,0.0075836181640625,0.04681396484375,False,0.03749999418996158,0.2022298490406851
data\raw\generated\sd1-5,512,max,clean,lpips_vgg_2,0184.png,-0.0171661376953125,0.0171661376953125,0.2149658203125,False,0.0638950523138275,0.26866145458335566
data\raw\generated\sd1-5,512,max,clean,lpips_vgg_2,0185.png,-0.01273345947265625,0.01273345947265625,0.040069580078125,False,0.03692305622599088,0.3448647206970075
data\raw\generated\sd1-5,512,max,clean,lpips_vgg_2,0186.png,-0.01143646240234375,0.01143646240234375,0.2318115234375,False,0.06781210046520211,0.16864928713146687
data\raw\generated\sd1-5,512,max,clean,lpips_vgg_2,0187.png,-0.00965118408203125,0.00965118408203125,0.061553955078125,False,0.038890236619215035,0.2481647045897056
data\raw\generated\sd1-5,512,max,clean,lpips_vgg_2,0188.png,-0.021881103515625,0.021881103515625,0.08648681640625,False,0.04164582222122024,0.52540932916137
data\raw\generated\sd1-5,512,max,clean,lpips_vgg_2,0189.png,-0.00727081298828125,0.00727081298828125,0.10113525390625,False,0.04350156452997792,0.16713911480748622
data\raw\generated\sd1-5,512,max,clean,lpips_vgg_2,0190.png,-0.011688232421875,0.011688232421875,0.1435546875,False,0.04986414087661288,0.23440156024741574
data\raw\generated\sd1-5,512,max,clean,lpips_vgg_2,0191.png,-0.01349639892578125,0.01349639892578125,0.232666015625,False,0.06801696827340806,0.1984269406353092
data\raw\generated\sd1-5,512,max,clean,lpips_vgg_2,0192.png,-0.004791259765625,0.004791259765625,0.1451416015625,False,0.050130685830549145,0.09557538833241443
data\raw\generated\sd1-5,512,max,clean,lpips_vgg_2,0193.png,-0.00882720947265625,0.00882720947265625,0.146484375,False,0.05035783048664912,0.17528970941265076
data\raw\generated\sd1-5,512,max,clean,lpips_vgg_2,0194.png,-0.00556182861328125,0.00556182861328125,0.07861328125,False,0.040720781782104226,0.13658452440924246
data\raw\generated\sd1-5,512,max,clean,lpips_vgg_2,0195.png,-0.01213836669921875,0.01213836669921875,0.1888427734375,False,0.05827921095175684,0.20827953057337742
data\raw\generated\sd1-5,512,max,clean,lpips_vgg_2,0196.png,-0.01291656494140625,0.01291656494140625,0.1767578125,False,0.05586980507138063,0.23119044222373303
data\raw\generated\sd1-5,512,max,clean,lpips_vgg_2,0197.png,-0.007965087890625,0.007965087890625,0.0802001953125,False,0.040903149681855246,0.1947304291375472
data\raw\generated\sd1-5,512,max,clean,lpips_vgg_2,0198.png,-0.01045989990234375,0.01045989990234375,0.1146240234375,False,0.04536539756518116,0.23057000409430845
data\raw\generated\sd1-5,512,max,clean,lpips_vgg_2,0199.png,-0.00691986083984375,0.00691986083984375,0.1036376953125,False,0.043836115439306614,0.15785752844420392
data\raw\real,512,max,clean,lpips_vgg_2,0000.png,-0.0269622802734375,0.0269622802734375,0.07940673828125,True,0.04081170861221836,0.6606506120492449
data\raw\real,512,max,clean,lpips_vgg_2,0001.png,-0.03265380859375,0.03265380859375,0.10198974609375,True,0.04361522632957525,0.7486791045632527
data\raw\real,512,max,clean,lpips_vgg_2,0002.png,-0.035919189453125,0.035919189453125,0.12744140625,True,0.04727416423741866,0.7598059115912214
data\raw\real,512,max,clean,lpips_vgg_2,0003.png,-0.042938232421875,0.042938232421875,0.132568359375,True,0.048075243862685815,0.8931464298863813
data\raw\real,512,max,clean,lpips_vgg_2,0004.png,-0.05487060546875,0.05487060546875,0.146484375,True,0.05035783048664912,1.0896141660291998
data\raw\real,512,max,clean,lpips_vgg_2,0005.png,-0.042999267578125,0.042999267578125,0.058441162109375,True,0.03858186370686277,1.1144943101977856
data\raw\real,512,max,clean,lpips_vgg_2,0006.png,-0.044830322265625,0.044830322265625,0.090576171875,True,0.04214624885152306,1.0636847521960415
data\raw\real,512,max,clean,lpips_vgg_2,0007.png,-0.04327392578125,0.04327392578125,0.1378173828125,True,0.04891763995385101,0.8846282408978581
data\raw\real,512,max,clean,lpips_vgg_2,0008.png,-0.0628662109375,0.0628662109375,0.2393798828125,True,0.06964739606046655,0.9026354823505641
data\raw\real,512,max,clean,lpips_vgg_2,0009.png,-0.041595458984375,0.041595458984375,0.162353515625,True,0.053153817751017046,0.7825488505682945
data\raw\real,512,max,clean,lpips_vgg_2,0010.png,-0.0654296875,0.0654296875,0.2149658203125,True,0.0638950523138275,1.0240180597808257
data\raw\real,512,max,clean,lpips_vgg_2,0011.png,-0.056671142578125,0.056671142578125,0.16943359375,True,0.05446761642110838,1.0404557111510147
data\raw\real,512,max,clean,lpips_vgg_2,0012.png,-0.035064697265625,0.035064697265625,0.08673095703125,True,0.04167531504044074,0.8413780971205388
data\raw\real,512,max,clean,lpips_vgg_2,0013.png,-0.06866455078125,0.06866455078125,0.1517333984375,True,0.05125989053380277,1.3395376007674056
data\raw\real,512,max,clean,lpips_vgg_2,0014.png,-0.03179931640625,0.03179931640625,0.11370849609375,True,0.04523419187672672,0.7029929150256568
data\raw\real,512,max,clean,lpips_vgg_2,0015.png,-0.06402587890625,0.06402587890625,0.09149169921875,True,0.04226015600928624,1.515041233926845
data\raw\real,512,max,clean,lpips_vgg_2,0016.png,-0.047149658203125,0.047149658203125,0.08856201171875,True,0.04189806303167493,1.125342194637491
data\raw\real,512,max,clean,lpips_vgg_2,0017.png,-0.0643310546875,0.0643310546875,0.1058349609375,True,0.04413408482990777,1.4576274762563017
data\raw\real,512,max,clean,lpips_vgg_2,0018.png,-0.0288543701171875,0.0288543701171875,0.0732421875,True,0.04011879945540909,0.7192231699071234
data\raw\real,512,max,clean,lpips_vgg_2,0019.png,-0.05609130859375,0.05609130859375,0.1751708984375,True,0.055562279183169985,1.0095213770629528
data\raw\real,512,max,clean,lpips_vgg_2,0020.png,-0.072265625,0.072265625,0.14111328125,True,0.04945808826209572,1.4611487734228457
data\raw\real,512,max,clean,lpips_vgg_2,0021.png,-0.02197265625,0.02197265625,0.07366943359375,True,0.04016582176880788,0.5470485921207668
data\raw\real,512,max,clean,lpips_vgg_2,0022.png,-0.03887939453125,0.03887939453125,0.08062744140625,True,0.04095260017950938,0.9493754819188085
data\raw\real,512,max,clean,lpips_vgg_2,0023.png,-0.05419921875,0.05419921875,0.1513671875,True,0.051196225830929275,1.0586565292720567
data\raw\real,512,max,clean,lpips_vgg_2,0024.png,-0.047637939453125,0.047637939453125,0.07568359375,True,0.040389506661808856,1.179463266338186
data\raw\real,512,max,clean,lpips_vgg_2,0025.png,-0.0447998046875,0.0447998046875,0.12890625,True,0.047500853287414976,0.9431368404358622
data\raw\real,512,max,clean,lpips_vgg_2,0026.png,-0.040283203125,0.040283203125,0.0936279296875,True,0.04252860186013645,0.9472026204265808
data\raw\real,512,max,clean,lpips_vgg_2,0027.png,-0.049774169921875,0.049774169921875,0.154052734375,True,0.05166564413074523,0.9633900972165631
data\raw\real,512,max,clean,lpips_vgg_2,0028.png,-0.035491943359375,0.035491943359375,0.0499267578125,True,0.03777880441543065,0.9394670876582429
data\raw\real,512,max,clean,lpips_vgg_2,0029.png,-0.042205810546875,0.042205810546875,0.052734375,True,0.03803706887533718,1.1095968168630572
data\raw\real,512,max,clean,lpips_vgg_2,0030.png,-0.038970947265625,0.038970947265625,0.09295654296875,True,0.042443831509616475,0.918176938309525
data\raw\real,512,max,clean,lpips_vgg_2,0031.png,-0.048736572265625,0.048736572265625,0.1436767578125,True,0.04988457130651008,0.9769868917218647
data\raw\real,512,max,clean,lpips_vgg_2,0032.png,-0.0220794677734375,0.0220794677734375,0.10003662109375,True,0.043356304267670495,0.5092562234346506
data\raw\real,512,max,clean,lpips_vgg_2,0033.png,-0.04803466796875,0.04803466796875,0.0931396484375,True,0.04246691418207297,1.131108037725694
data\raw\real,512,max,clean,lpips_vgg_2,0034.png,-0.045318603515625,0.045318603515625,0.086669921875,True,0.0416679372713795,1.0876133181364138
data\raw\real,512,max,clean,lpips_vgg_2,0035.png,-0.031585693359375,0.031585693359375,0.09722900390625,True,0.042989562654000814,0.73472934846048
data\raw\real,512,max,clean,lpips_vgg_2,0036.png,-0.042388916015625,0.042388916015625,0.062042236328125,True,0.03893932695038989,1.0885888210042771
data\raw\real,512,max,clean,lpips_vgg_2,0037.png,-0.05975341796875,0.05975341796875,0.15185546875,True,0.05128113644412656,1.1652124370109158
data\raw\real,512,max,clean,lpips_vgg_2,0038.png,-0.064697265625,0.064697265625,0.2139892578125,True,0.06367508512687144,1.0160530684190197
data\raw\real,512,max,clean,lpips_vgg_2,0039.png,-0.04632568359375,0.04632568359375,0.145263671875,True,0.050151274487991795,0.9237189695915347
data\raw\real,512,max,clean,lpips_vgg_2,0040.png,-0.06585693359375,0.06585693359375,0.17333984375,True,0.05520999760327667,1.1928443479925355
data\raw\real,512,max,clean,lpips_vgg_2,0041.png,-0.039825439453125,0.039825439453125,0.119384765625,True,0.04605870351644017,0.8646669665573572
data\raw\real,512,max,clean,lpips_vgg_2,0042.png,-0.05682373046875,0.05682373046875,0.1744384765625,True,0.055421037924772085,1.0253097487254192
data\raw\real,512,max,clean,lpips_vgg_2,0043.png,-0.034576416015625,0.034576416015625,0.11029052734375,True,0.04475040646727327,0.7726503230962007
data\raw\real,512,max,clean,lpips_vgg_2,0044.png,-0.05523681640625,0.05523681640625,0.09857177734375,True,0.043164157507983275,1.2796917534191157
data\raw\real,512,max,clean,lpips_vgg_2,0045.png,-0.034149169921875,0.034149169921875,0.1353759765625,True,0.048523028408005646,0.7037724363519084
data\raw\real,512,max,clean,lpips_vgg_2,0046.png,-0.05938720703125,0.05938720703125,0.1739501953125,True,0.05532712051283317,1.0733832970301624
data\raw\real,512,max,clean,lpips_vgg_2,0047.png,-0.047088623046875,0.047088623046875,0.0810546875,True,0.041002199776196735,1.1484413837281886
data\raw\real,512,max,clean,lpips_vgg_2,0048.png,-0.053497314453125,0.053497314453125,0.061798095703125,True,0.038914757442103154,1.374730769752775
data\raw\real,512,max,clean,lpips_vgg_2,0049.png,-0.054840087890625,0.054840087890625,0.177001953125,True,0.055917299316734725,0.9807356320982522
data\raw\real,512,max,clean,lpips_vgg_2,0050.png,-0.05682373046875,0.05682373046875,0.133056640625,True,0.04815265692449819,1.1800746645786915
data\raw\real,512,max,clean,lpips_vgg_2,0051.png,-0.039764404296875,0.039764404296875,0.1053466796875,True,0.04406752861198396,0.9023515851547268
data\raw\real,512,max,clean,lpips_vgg_2,0052.png,-0.0404052734375,0.0404052734375,0.09228515625,True,0.04235942934242344,0.9538672750020659
data\raw\real,512,max,clean,lpips_vgg_2,0053.png,-0.03582763671875,0.03582763671875,0.099365234375,True,0.04326801943993884,0.8280396741635707
data\raw\real,512,max,clean,lpips_vgg_2,0054.png,-0.038970947265625,0.038970947265625,0.152099609375,True,0.05132366477882311,0.7593173136323846
data\raw\real,512,max,clean,lpips_vgg_2,0055.png,-0.040130615234375,0.040130615234375,0.05059814453125,True,0.03783997756181505,1.0605348581092044
data\raw\real,512,max,clean,lpips_vgg_2,0056.png,-0.033905029296875,0.033905029296875,0.09710693359375,True,0.04297376342264577,0.7889704460700818
data\raw\real,512,max,clean,lpips_vgg_2,0057.png,-0.060272216796875,0.060272216796875,0.150390625,True,0.051026988829317936,1.181183098976931
data\raw\real,512,max,clean,lpips_vgg_2,0058.png,-0.050750732421875,0.050750732421875,0.149658203125,True,0.05090057227479477,0.9970562245919194
data\raw\real,512,max,clean,lpips_vgg_2,0059.png,-0.0439453125,0.0439453125,0.1495361328125,True,0.05087954544876468,0.8637127575019827
data\raw\real,512,max,clean,lpips_vgg_2,0060.png,-0.0452880859375,0.0452880859375,0.11376953125,True,0.045242917622761794,1.0009983510593818
data\raw\real,512,max,clean,lpips_vgg_2,0061.png,-0.05206298828125,0.05206298828125,0.1558837890625,True,0.05198907961196604,1.0014216191137753
data\raw\real,512,max,clean,lpips_vgg_2,0062.png,-0.03167724609375,0.03167724609375,0.122314453125,True,0.04649455487293559,0.681310879958317
data\raw\real,512,max,clean,lpips_vgg_2,0063.png,-0.051971435546875,0.051971435546875,0.069580078125,True,0.03972186715804757,1.3083834991967564
data\raw\real,512,max,clean,lpips_vgg_2,0064.png,-0.06341552734375,0.06341552734375,0.1121826171875,True,0.045017037148009004,1.4087006022908533
data\raw\real,512,max,clean,lpips_vgg_2,0065.png,-0.033843994140625,0.033843994140625,0.170166015625,True,0.054605863527492166,0.619786813252861
data\raw\real,512,max,clean,lpips_vgg_2,0066.png,-0.056304931640625,0.056304931640625,0.09326171875,True,0.04248231784456436,1.3253733434845822
data\raw\real,512,max,clean,lpips_vgg_2,0067.png,-0.05169677734375,0.05169677734375,0.0911865234375,True,0.04222211088576319,1.2244005867831103
data\raw\real,512,max,clean,lpips_vgg_2,0068.png,-0.050628662109375,0.050628662109375,0.1800537109375,True,0.056515085214168065,0.8958433295732275
data\raw\real,512,max,clean,lpips_vgg_2,0069.png,-0.050537109375,0.050537109375,0.12103271484375,True,0.04630300726006234,1.0914433503456198
data\raw\real,512,max,clean,lpips_vgg_2,0070.png,-0.028961181640625,0.028961181640625,0.09100341796875,True,0.04219932032569832,0.6862949786181359
data\raw\real,512,max,clean,lpips_vgg_2,0071.png,-0.0274810791015625,0.0274810791015625,0.0838623046875,True,0.041331849201805465,0.6648886907378455
data\raw\real,512,max,clean,lpips_vgg_2,0072.png,-0.0369873046875,0.0369873046875,0.12408447265625,True,0.04676127906212287,0.790981457935784
data\raw\real,512,max,clean,lpips_vgg_2,0073.png,-0.042572021484375,0.042572021484375,0.11236572265625,True,0.04504299530182051,0.9451418849726089
data\raw\real,512,max,clean,lpips_vgg_2,0074.png,-0.041259765625,0.041259765625,0.1060791015625,True,0.04416743596696759,0.9341671012068211
data\raw\real,512,max,clean,lpips_vgg_2,0075.png,-0.057952880859375,0.057952880859375,0.163330078125,True,0.05333259709075465,1.0866315165705906
data\raw\real,512,max,clean,lpips_vgg_2,0076.png,-0.038238525390625,0.038238525390625,0.09130859375,True,0.04223731980666018,0.9053255643506852
data\raw\real,512,max,clean,lpips_vgg_2,0078.png,-0.019378662109375,0.019378662109375,0.074951171875,True,0.040307783303203594,0.4807672494318192
data\raw\real,512,max,clean,lpips_vgg_2,0079.png,-0.0289459228515625,0.0289459228515625,0.1378173828125,True,0.04891763995385101,0.5917277055653162
data\raw\real,512,max,clean,lpips_vgg_2,0080.png,-0.0290069580078125,0.0290069580078125,0.0675048828125,True,0.039501801310394886,0.7343198802475706
data\raw\real,512,max,clean,lpips_vgg_2,0081.png,-0.0472412109375,0.0472412109375,0.07623291015625,True,0.04045108672889831,1.1678601184217585
data\raw\real,512,max,clean,lpips_vgg_2,0082.png,-0.04656982421875,0.04656982421875,0.1824951171875,True,0.056998791039457625,0.8170317890867521
data\raw\real,512,max,clean,lpips_vgg_2,0083.png,-0.032867431640625,0.032867431640625,0.09649658203125,True,0.042894949836115304,0.7662307979423802
data\raw\real,512,max,clean,lpips_vgg_2,0084.png,-0.037261962890625,0.037261962890625,0.13623046875,True,0.04866058865264241,0.7657524070786507
data\raw\real,512,max,clean,lpips_vgg_2,0085.png,-0.047119140625,0.047119140625,0.066162109375,True,0.039361280149759974,1.1970937033989566
data\raw\real,512,max,clean,lpips_vgg_2,0086.png,-0.059539794921875,0.059539794921875,0.1595458984375,True,0.05264416623542198,1.1309856187220466
data\raw\real,512,max,clean,lpips_vgg_2,0087.png,-0.052093505859375,0.052093505859375,0.0894775390625,True,0.04201046398491882,1.2400126282365236
data\raw\real,512,max,clean,lpips_vgg_2,0088.png,-0.059234619140625,0.059234619140625,0.13818359375,True,0.04897725159729077,1.2094312606120516
data\raw\real,512,max,clean,lpips_vgg_2,0089.png,-0.045379638671875,0.045379638671875,0.131591796875,True,0.047921001963844315,0.9469676511796074
data\raw\real,512,max,clean,lpips_vgg_2,0090.png,-0.024993896484375,0.024993896484375,0.07696533203125,True,0.04053357688253158,0.6166220305898149
data\raw\real,512,max,clean,lpips_vgg_2,0091.png,-0.0253753662109375,0.0253753662109375,0.09954833984375,True,0.04329206060618034,0.5861436451771698
data\raw\real,512,max,clean,lpips_vgg_2,0092.png,-0.0355224609375,0.0355224609375,0.054412841796875,True,0.03819454127436325,0.930040255813812
data\raw\real,512,max,clean,lpips_vgg_2,0093.png,-0.0394287109375,0.0394287109375,0.054595947265625,True,0.03821185929134137,1.0318448688110387
data\raw\real,512,max,clean,lpips_vgg_2,0094.png,-0.06781005859375,0.06781005859375,0.1614990234375,True,0.05299802482460332,1.2794827508792455
data\raw\real,512,max,clean,lpips_vgg_2,0095.png,-0.036956787109375,0.036956787109375,0.0986328125,True,0.04317212863033999,0.8560334707101505
data\raw\real,512,max,clean,lpips_vgg_2,0096.png,-0.056915283203125,0.056915283203125,0.1702880859375,True,0.054628947311613246,1.041852094979427
data\raw\real,512,max,clean,lpips_vgg_2,0097.png,-0.0291900634765625,0.0291900634765625,0.12066650390625,True,0.04624852584050041,0.631156624910202
data\raw\real,512,max,clean,lpips_vgg_2,0098.png,-0.04254150390625,0.04254150390625,0.1153564453125,True,0.04547085505560557,0.9355773902695844
data\raw\real,512,max,clean,lpips_vgg_2,0099.png,-0.0513916015625,0.0513916015625,0.11810302734375,True,0.04587022308367893,1.1203695580191244
data\raw\real,512,max,clean,lpips_vgg_2,0100.png,-0.0625,0.0625,0.11297607421875,True,0.04512972026562402,1.3848966852029698
data\raw\real,512,max,clean,lpips_vgg_2,0101.png,-0.04400634765625,0.04400634765625,0.09027099609375,True,0.04210843194080597,1.0450721061784498
data\raw\real,512,max,clean,lpips_vgg_2,0102.png,-0.053985595703125,0.053985595703125,0.1287841796875,True,0.04748189559082554,1.136972208699185
data\raw\real,512,max,clean,lpips_vgg_2,0103.png,-0.046844482421875,0.046844482421875,0.16845703125,True,0.054283968541510436,0.8629524274013509
data\raw\real,512,max,clean,lpips_vgg_2,0104.png,-0.036285400390625,0.036285400390625,0.109375,True,0.04462244140066336,0.8131648392973312
data\raw\real,512,max,clean,lpips_vgg_2,0105.png,-0.047698974609375,0.047698974609375,0.055572509765625,True,0.038304684559844704,1.245251727235954
data\raw\real,512,max,clean,lpips_vgg_2,0106.png,-0.0450439453125,0.0450439453125,0.08111572265625,True,0.04100929760421601,1.0983837311046558
data\raw\real,512,max,clean,lpips_vgg_2,0107.png,-0.036468505859375,0.036468505859375,0.0848388671875,True,0.041448019118939125,0.8798612487300074
data\raw\real,512,max,clean,lpips_vgg_2,0108.png,-0.0587158203125,0.0587158203125,0.222412109375,True,0.06559791671970765,0.8950866620259595
data\raw\real,512,max,clean,lpips_vgg_2,0109.png,-0.0615234375,0.0615234375,0.13720703125,True,0.04881853064177777,1.2602476291523135
data\raw\real,512,max,clean,lpips_vgg_2,0110.png,-0.043975830078125,0.043975830078125,0.09478759765625,True,0.04267589058333357,1.0304607467359825
data\raw\real,512,max,clean,lpips_vgg_2,0111.png,-0.061981201171875,0.061981201171875,0.1649169921875,True,0.05362477490705559,1.1558314469254756
data\raw\real,512,max,clean,lpips_vgg_2,0112.png,-0.049713134765625,0.049713134765625,0.1241455078125,True,0.0467705220905181,1.0629159680837401
data\raw\real,512,max,clean,lpips_vgg_2,0113.png,-0.0533447265625,0.0533447265625,0.1968994140625,True,0.059951754537523154,0.8897942516279839
data\raw\real,512,max,clean,lpips_vgg_2,0114.png,-0.0631103515625,0.0631103515625,0.15234375,True,0.051366241798918265,1.2286347872121153
data\raw\real,512,max,clean,lpips_vgg_2,0115.png,-0.0552978515625,0.0552978515625,0.146728515625,True,0.050399287742576404,1.0971951001558575
data\raw\real,512,max,clean,lpips_vgg_2,0116.png,-0.041259765625,0.041259765625,0.128662109375,True,0.04746295006558575,0.8693047012034861
data\raw\real,512,max,clean,lpips_vgg_2,0117.png,-0.06451416015625,0.06451416015625,0.127197265625,True,0.04723655312798105,1.3657677346070873
data\raw\real,512,max,clean,lpips_vgg_2,0118.png,-0.042510986328125,0.042510986328125,0.10504150390625,True,0.04402602986799749,0.9655875502648088
data\raw\real,512,max,clean,lpips_vgg_2,0119.png,-0.06341552734375,0.06341552734375,0.181640625,True,0.05682894020419717,1.1159019878935974
data\raw\real,512,max,clean,lpips_vgg_2,0120.png,-0.06341552734375,0.06341552734375,0.166259765625,True,0.05387360890823338,1.1771167484207345
data\raw\real,512,max,clean,lpips_vgg_2,0121.png,-0.0350341796875,0.0350341796875,0.1119384765625,True,0.0449824688759841,0.7788407475829892
data\raw\real,512,max,clean,lpips_vgg_2,0122.png,-0.049652099609375,0.049652099609375,0.1641845703125,True,0.05348966800888172,0.9282558942248528
data\raw\real,512,max,clean,lpips_vgg_2,0123.png,-0.054412841796875,0.054412841796875,0.11688232421875,True,0.04569196547295981,1.190862359140058
data\raw\real,512,max,clean,lpips_vgg_2,0124.png,-0.058013916015625,0.058013916015625,0.1842041015625,True,0.05734028189837721,1.0117480084670956
data\raw\real,512,max,clean,lpips_vgg_2,0125.png,-0.040374755859375,0.040374755859375,0.1204833984375,True,0.04622132620902452,0.8735092471555262
data\raw\real,512,max,clean,lpips_vgg_2,0126.png,-0.043609619140625,0.043609619140625,0.117431640625,True,0.04577203077733148,0.9527569216400725
data\raw\real,512,max,clean,lpips_vgg_2,0127.png,-0.0380859375,0.0380859375,0.1495361328125,True,0.05087954544876468,0.7485510565017184
data\raw\real,512,max,clean,lpips_vgg_2,0128.png,-0.0443115234375,0.0443115234375,0.12939453125,True,0.04757680578726925,0.9313681888530023
data\raw\real,512,max,clean,lpips_vgg_2,0129.png,-0.05499267578125,0.05499267578125,0.1812744140625,True,0.0567563295593303,0.9689258662113331
data\raw\real,512,max,clean,lpips_vgg_2,0130.png,-0.06231689453125,0.06231689453125,0.21484375,True,0.06386751381573422,0.9757213144548268
data\raw\real,512,max,clean,lpips_vgg_2,0131.png,-0.04443359375,0.04443359375,0.1380615234375,True,0.04895736887812787,0.9075976664638752
data\raw\real,512,max,clean,lpips_vgg_2,0132.png,-0.05023193359375,0.05023193359375,0.0767822265625,True,0.040512913265818185,1.2398993196110637
data\raw\real,512,max,clean,lpips_vgg_2,0133.png,-0.055633544921875,0.055633544921875,0.09478759765625,True,0.04267589058333357,1.3036293832752923
data\raw\real,512,max,clean,lpips_vgg_2,0134.png,-0.041656494140625,0.041656494140625,0.10693359375,True,0.04428454834419093,0.9406552781539056
data\raw\real,512,max,clean,lpips_vgg_2,0135.png,-0.0390625,0.0390625,0.1143798828125,True,0.04533034243917023,0.8617296472537973
data\raw\real,512,max,clean,lpips_vgg_2,0136.png,-0.058837890625,0.058837890625,0.1622314453125,True,0.05313152510462328,1.1074007476566896
data\raw\real,512,max,clean,lpips_vgg_2,0137.png,-0.05303955078125,0.05303955078125,0.15185546875,True,0.05128113644412656,1.0342896912793522
data\raw\real,512,max,clean,lpips_vgg_2,0138.png,-0.052337646484375,0.052337646484375,0.09942626953125,True,0.04327603011918193,1.2093911188303879
data\raw\real,512,max,clean,lpips_vgg_2,0139.png,-0.06390380859375,0.06390380859375,0.1956787109375,True,0.059694930864807844,1.070506451183838
data\raw\real,512,max,clean,lpips_vgg_2,0140.png,-0.04254150390625,0.04254150390625,0.11492919921875,True,0.04540928493653661,0.9368459328462321
data\raw\real,512,max,clean,lpips_vgg_2,0141.png,-0.06842041015625,0.06842041015625,0.131591796875,True,0.047921001963844315,1.4277750329150503
data\raw\real,512,max,clean,lpips_vgg_2,0142.png,-0.06787109375,0.06787109375,0.1693115234375,True,0.05444461783643485,1.2466079558846683
data\raw\real,512,max,clean,lpips_vgg_2,0143.png,-0.033477783203125,0.033477783203125,0.11529541015625,True,0.04546205019579777,0.7363896493656038
data\raw\real,512,max,clean,lpips_vgg_2,0144.png,-0.0426025390625,0.0426025390625,0.1328125,True,0.048113926050892694,0.8854513143956907
data\raw\real,512,max,clean,lpips_vgg_2,0145.png,-0.048004150390625,0.048004150390625,0.0919189453125,True,0.04231354698138984,1.1344865608108434
data\raw\real,512,max,clean,lpips_vgg_2,0146.png,-0.05389404296875,0.05389404296875,0.1331787109375,True,0.048172040618325404,1.1187826439772588
data\raw\real,512,max,clean,lpips_vgg_2,0147.png,-0.033782958984375,0.033782958984375,0.0980224609375,True,0.04309255433445635,0.7839627867536852
data\raw\real,512,max,clean,lpips_vgg_2,0148.png,-0.041534423828125,0.041534423828125,0.1009521484375,True,0.04347728602241823,0.9553131675861407
data\raw\real,512,max,clean,lpips_vgg_2,0149.png,-0.043670654296875,0.043670654296875,0.0999755859375,True,0.04334826316005328,1.0074372330820123
data\raw\real,512,max,clean,lpips_vgg_2,0150.png,-0.044281005859375,0.044281005859375,0.11383056640625,True,0.04525164641163428,0.9785501605084201
data\raw\real,512,max,clean,lpips_vgg_2,0151.png,-0.047576904296875,0.047576904296875,0.1112060546875,True,0.044879056172301035,1.060113744687863
data\raw\real,512,max,clean,lpips_vgg_2,0152.png,-0.046722412109375,0.046722412109375,0.09423828125,True,0.042605985313082934,1.096616162401672
data\raw\real,512,max,clean,lpips_vgg_2,0153.png,-0.04620361328125,0.04620361328125,0.1619873046875,True,0.05308697632588469,0.8703380090367205
data\raw\real,512,max,clean,lpips_vgg_2,0154.png,-0.051239013671875,0.051239013671875,0.130126953125,True,0.04769109967754018,1.0743936293841783
data\raw\real,512,max,clean,lpips_vgg_2,0155.png,-0.064453125,0.064453125,0.1846923828125,True,0.0574382888837988,1.1221282223499491
data\raw\real,512,max,clean,lpips_vgg_2,0156.png,-0.05010986328125,0.05010986328125,0.158447265625,True,0.05244649005584319,0.9554474136952686
data\raw\real,512,max,clean,lpips_vgg_2,0157.png,-0.04351806640625,0.04351806640625,0.1341552734375,True,0.048327548337530585,0.9004815659654393
data\raw\real,512,max,clean,lpips_vgg_2,0158.png,-0.0513916015625,0.0513916015625,0.109130859375,True,0.044588433010722406,1.1525769822442875
data\raw\real,512,max,clean,lpips_vgg_2,0159.png,-0.060699462890625,0.060699462890625,0.09228515625,True,0.04235942934242344,1.4329622431866382
data\raw\real,512,max,clean,lpips_vgg_2,0160.png,-0.04742431640625,0.04742431640625,0.1358642578125,True,0.048601561233985895,0.9757776335194625
data\raw\real,512,max,clean,lpips_vgg_2,0161.png,-0.055999755859375,0.055999755859375,0.1917724609375,True,0.058881274259084196,0.9510622275762887
data\raw\real,512,max,clean,lpips_vgg_2,0162.png,-0.03973388671875,0.03973388671875,0.057952880859375,True,0.03853420959494672,1.0311327814016096
data\raw\real,512,max,clean,lpips_vgg_2,0163.png,-0.06024169921875,0.06024169921875,0.2127685546875,True,0.06340122156464494,0.9501662228593902
data\raw\real,512,max,clean,lpips_vgg_2,0164.png,-0.0472412109375,0.0472412109375,0.0650634765625,True,0.03924740371252725,1.2036773510809642
data\raw\real,512,max,clean,lpips_vgg_2,0165.png,-0.040313720703125,0.040313720703125,0.15771484375,True,0.05231525364685829,0.770592091080227
data\raw\real,512,max,clean,lpips_vgg_2,0166.png,-0.038818359375,0.038818359375,0.1043701171875,True,0.04393500040091957,0.8835406628148688
data\raw\real,512,max,clean,lpips_vgg_2,0167.png,-0.052520751953125,0.052520751953125,0.1240234375,True,0.04675203907656505,1.123389546007023
data\raw\real,512,max,clean,lpips_vgg_2,0168.png,-0.06365966796875,0.06365966796875,0.1700439453125,True,0.05458279191472074,1.166295561945802
data\raw\real,512,max,clean,lpips_vgg_2,0169.png,-0.034515380859375,0.034515380859375,0.07452392578125,True,0.04026031369270513,0.8573053136848492
data\raw\real,512,max,clean,lpips_vgg_2,0170.png,-0.0406494140625,0.0406494140625,0.1429443359375,True,0.04976217129737169,0.8168738019807226
data\raw\real,512,max,clean,lpips_vgg_2,0171.png,-0.050445556640625,0.050445556640625,0.1551513671875,True,0.05185937679303715,0.9727374249394765
data\raw\real,512,max,clean,lpips_vgg_2,0172.png,-0.053192138671875,0.053192138671875,0.11016845703125,True,0.04473330490150558,1.1890947648288943
data\raw\real,512,max,clean,lpips_vgg_2,0173.png,-0.0654296875,0.0654296875,0.1805419921875,True,0.056611436896037155,1.155768005326502
data\raw\real,512,max,clean,lpips_vgg_2,0174.png,-0.048675537109375,0.048675537109375,0.1595458984375,True,0.05264416623542198,0.924614075787629
data\raw\real,512,max,clean,lpips_vgg_2,0175.png,-0.043365478515625,0.043365478515625,0.10211181640625,True,0.043631512414916335,0.9939027119490732
data\raw\real,512,max,clean,lpips_vgg_2,0176.png,-0.035888671875,0.035888671875,0.086669921875,True,0.0416679372713795,0.8613018600191398
data\raw\real,512,max,clean,lpips_vgg_2,0177.png,-0.054931640625,0.054931640625,0.0882568359375,True,0.041860748189130936,1.3122469855725822
data\raw\real,512,max,clean,lpips_vgg_2,0178.png,-0.04449462890625,0.04449462890625,0.08111572265625,True,0.04100929760421601,1.084988807554599
data\raw\real,512,max,clean,lpips_vgg_2,0179.png,-0.051513671875,0.051513671875,0.1439208984375,True,0.04992546868035341,1.031811482928984
data\raw\real,512,max,clean,lpips_vgg_2,0180.png,-0.0452880859375,0.0452880859375,0.106689453125,True,0.044251026808236005,1.0234358206818148
data\raw\real,512,max,clean,lpips_vgg_2,0181.png,-0.04022216796875,0.04022216796875,0.08966064453125,True,0.042033026332177745,0.9569182016751083
data\raw\real,512,max,clean,lpips_vgg_2,0182.png,-0.036407470703125,0.036407470703125,0.1295166015625,True,0.04759582434060694,0.7649299325626667
data\raw\real,512,max,clean,lpips_vgg_2,0183.png,-0.057708740234375,0.057708740234375,0.1790771484375,True,0.05632296607521314,1.024604069276311
data\raw\real,512,max,clean,lpips_vgg_2,0184.png,-0.035736083984375,0.035736083984375,0.08013916015625,True,0.04089609749639716,0.8738262614794299
data\raw\real,512,max,clean,lpips_vgg_2,0185.png,-0.047515869140625,0.047515869140625,0.14404296875,True,0.04994593562429955,0.951346061430226
data\raw\real,512,max,clean,lpips_vgg_2,0186.png,-0.054931640625,0.054931640625,0.1124267578125,True,0.045051654105432506,1.2193035242711794
data\raw\real,512,max,clean,lpips_vgg_2,0187.png,-0.04095458984375,0.04095458984375,0.0870361328125,True,0.04171224952830814,0.9818360387385976
data\raw\real,512,max,clean,lpips_vgg_2,0188.png,-0.054168701171875,0.054168701171875,0.11669921875,True,0.04566533180924269,1.1862106115456106
data\raw\real,512,max,clean,lpips_vgg_2,0189.png,-0.0275421142578125,0.0275421142578125,0.0418701171875,True,0.03707344495831906,0.742906797271674
data\raw\real,512,max,clean,lpips_vgg_2,0190.png,-0.047515869140625,0.047515869140625,0.07098388671875,True,0.03987272981138371,1.1916883886655576
data\raw\real,512,max,clean,lpips_vgg_2,0191.png,-0.04608154296875,0.04608154296875,0.078125,True,0.040665082408068966,1.1331968421046719
data\raw\real,512,max,clean,lpips_vgg_2,0192.png,-0.048065185546875,0.048065185546875,0.077392578125,True,0.0405818984875056,1.184399629841698
data\raw\real,512,max,clean,lpips_vgg_2,0193.png,-0.06488037109375,0.06488037109375,0.1290283203125,True,0.04751982315535407,1.3653327555879153
data\raw\real,512,max,clean,lpips_vgg_2,0194.png,-0.054779052734375,0.054779052734375,0.12548828125,True,0.046974638553078686,1.1661410161246428
data\raw\real,512,max,clean,lpips_vgg_2,0195.png,-0.043792724609375,0.043792724609375,0.1358642578125,True,0.048601561233985895,0.9010559228445486
data\raw\real,512,max,clean,lpips_vgg_2,0196.png,-0.07489013671875,0.07489013671875,0.2442626953125,True,0.07085628728811841,1.0569300140470106
data\raw\real,512,max,clean,lpips_vgg_2,0197.png,-0.05242919921875,0.05242919921875,0.095458984375,True,0.04276166507019973,1.226079460018209
data\raw\real,512,max,clean,lpips_vgg_2,0198.png,-0.0285797119140625,0.0285797119140625,0.077392578125,True,0.0405818984875056,0.7042477799026986
data\raw\real,512,max,clean,lpips_vgg_2,0199.png,-0.03131103515625,0.03131103515625,0.11578369140625,True,0.04553257427370776,0.6876623089226516
